accuracy,demographic_parity_diff,equal_opportunity_diff
0.7545168241339301,0.06717104464769363,0.15030311172311878
